;S26;;;S27;;S28;S29;;S30;S31;S32;;;S33;S34;S35;S36;;;;S37;;;S38;S39;S40;S41;;S42;;S43;;;S44;S45;S46;;;;;
;;;;;;;;;;;;;;;;;;;;;;;;;;;;;;;;;;;;;;;;;acc
;;;;;;;;;;;;;;;;;;;;;;;;;;;;;;;;S47;;;;;;;;;
;R1;;;R1;;R1;R1;;R1;R1;R1;;;R1;R1;R1;R1;;;;R1;;;R1;R1;R1;R1;R1;R1;;R1;R1;;R1;R1;R1;;;;;
;R2;;;R2;;R2;R2;;R2;R2;R2;;;R2;R2;R2;R2;;;;R2;;;R2;R2;R2;R2;R2;R2;;R2;R2;;R2;R2;R2;;;;;
;R3;;;R3;;R3;R3;;R3;R3;R3;;;R3;R3;R3;R3;R3;R3;;R3;;;R3;R3;R3;R3;R3;R3;;R3;R3;;R3;R3;R3;;;S48;;
;R9;;;R9;;R9;R9;;R9;R9;R9;;;R9;R9;R9;R9;R9;R9;;R9;;;R9;R9;R9;R9;R9;R9;;R9;R9;;R9;R9;R9;;;R9;;
;R12;;;R12;;R12;R12;;R12;R12;R12;;;R12;R12;R12;R12;R12;R12;;R12;;;R12;R12;R12;R12;R12;R12;;R12;R12;;R12;R12;R12;;;R12;;
;R15;;;R15;;R15;R15;;R15;R15;R15;;;R15;R15;R15;R15;R15;R15;;R15;;;R15;R15;R15;R15;R15;R15;;R15;R15;;R15;R15;R15;;S50;R15;S51;
;R27;;;R27;;R27;R27;;R27;R27;R27;;;R27;R27;R27;R27;R27;R27;;R27;;;R27;R27;R27;R27;R27;R27;;R27;R27;;R27;R27;R27;;;R27;;
;R6;;;R6;;R6;R6;;R6;R6;R6;;;R6;R6;R6;R6;;;;R6;;;R6;R6;R6;R6;R6;R6;;R6;R6;;R6;R6;R6;;;;;
;R7;;;R7;;R7;R7;;R7;R7;R7;;;R7;R7;R7;R7;;;;R7;;;R7;R7;R7;R7;R7;R7;;R7;R7;;R7;R7;R7;;;;;
;R8;;;R8;;R8;R8;;R8;R8;R8;;;R8;R8;R8;R8;;;;R8;;;R8;R8;R8;R8;R8;R8;;R8;R8;;R8;R8;R8;;;;;
;R30;;;R30;;R30;R30;;R30;R30;R30;R30;;R30;R30;R30;R30;R30;R30;;R30;R30;S52;R30;R30;R30;R30;R30;R30;;R30;R30;;R30;R30;R30;;R30;R30;R30;
;R40;;;R40;;R40;R40;;R40;R40;R40;;;R40;R40;R40;R40;S55;S56;;R40;;;R40;R40;R40;R40;R40;R40;;R40;R40;;R40;R40;R40;;;;;
;R44;;;R44;;R44;R44;;R44;R44;R44;;;R44;R44;R44;R44;;;;R44;;;R44;R44;R44;R44;R44;R44;;R44;R44;;R44;R44;R44;;;;;
;S57;;;R60;;R60;R60;;R60;R60;R60;R60;R60;R60;R60;R60;R60;R60;R60;;R60;R60;R60;R60;R60;R60;R60;R60;R60;;R60;R60;;R60;R60;R60;;R60;R60;R60;
;R74;S58;;R74;;R74;R74;;R74;R74;R74;R74;R74;R74;R74;R74;R74;R74;R74;;R74;R74;R74;R74;R74;R74;R74;R74;R74;;R74;R74;;R74;R74;R74;;R74;R74;R74;
;R76;R76;S59;R76;;R76;R76;;R76;R76;R76;R76;R76;R76;R76;R76;R76;R76;R76;;R76;R76;R76;R76;R76;R76;R76;R76;R76;;R76;R76;;R76;R76;R76;;R76;R76;R76;
;R79;R79;R79;R79;;R79;R79;;R79;R79;R79;R79;R79;R79;R79;R79;R79;R79;R79;;R79;R79;R79;R79;R79;R79;R79;R79;R79;;R79;R79;;R79;R79;R79;;R79;R79;R79;
;R80;R80;R80;R80;;R80;R80;;R80;R80;R80;R80;R80;R80;R80;R80;R80;R80;R80;;R80;R80;R80;R80;R80;R80;R80;R80;R80;;R80;R80;S60;R80;R80;R80;;R80;R80;R80;
R82;R82;R82;R82;R82;;R82;R82;;R82;R82;R82;R82;R82;R82;R82;R82;R82;R82;R82;;R82;R82;R82;R82;R82;R82;R82;R82;R82;;R82;R82;R82;R82;R82;S61;;R82;R82;R82;
R84;R84;R84;R84;R84;;R84;R84;;R84;R84;R84;R84;R84;R84;R84;R84;R84;R84;R84;;R84;R84;R84;R84;R84;R84;R84;R84;R84;;R84;R84;R84;R84;R84;R84;S62;R84;R84;R84;
R87;R87;R87;R87;R87;;R87;R87;;R87;R87;R87;R87;R87;R87;R87;R87;R87;R87;R87;;R87;R87;R87;R87;R87;R87;R87;R87;R87;;R87;R87;R87;R87;R87;R87;R87;R87;R87;R87;
R88;R88;R88;R88;R88;;R88;R88;S63;R88;R88;R88;R88;R88;R88;R88;R88;R88;R88;R88;;R88;R88;R88;R88;R88;R88;R88;R88;R88;;R88;R88;R88;R88;R88;R88;R88;R88;R88;R88;
R90;R90;R90;R90;R90;S66;R90;R90;R90;R90;R90;R90;R90;R90;R90;R90;S67;S68;R90;R90;;R90;R90;R90;R90;R90;R90;R90;R90;R90;;R90;R90;R90;R90;R90;R90;R90;R90;R90;R90;
;;;;S27;;;;;;S31;S32;;;S33;;S35;S36;;;;;;;S38;;;S41;;;;;;;;;S46;;;;;
;;;;S27;;;;;;S31;S32;;;S33;;S35;S36;;;;;;;S38;;;S41;;;;;;;;;S46;;;;;
;;;;;;;;;;S31;S32;;;S33;;S35;S36;;;;;;;S38;;;S41;;;;;;;;;S46;;;;;
;;;;;;;;;;S73;;;;;;;;;;;;;;;;;;;;;;;;;;;;;;;
;;;;;;;;;;S31;S32;;;S33;;S35;S36;;;;;;;S38;;;S41;;;;;;;;;S46;;;;;
R97;R97;R97;R97;R97;R97;R97;R97;R97;R97;R97;R97;R97;R97;R97;R97;R97;R97;R97;R97;;R97;R97;R97;R97;R97;R97;R97;R97;R97;;R97;R97;R97;R97;R97;R97;R97;R97;R97;R97;
R99;R99;R99;R99;R99;R99;R99;R99;R99;R99;R99;R99;R99;R99;R99;R99;R99;R99;R99;R99;;R99;R99;R99;R99;R99;R99;R99;R99;R99;;R99;R99;R99;R99;R99;R99;R99;R99;R99;R99;
R100;R100;R100;R100;R100;R100;R100;R100;R100;R100;R100;R100;R100;R100;R100;R100;R100;R100;R100;R100;;R100;R100;R100;R100;R100;R100;R100;R100;R100;;R100;R100;R100;R100;R100;R100;R100;R100;R100;R100;
;R11;;;R11;;R11;R11;;R11;R11;R11;;;R11;R11;R11;R11;R11;R11;;R11;;;R11;R11;R11;R11;R11;R11;;R11;R11;;R11;R11;R11;;;R11;;
;;;;S27;;;;;;S31;S32;S78;;S33;;S35;S36;;;;;;;S38;;S40;S41;;;;;;;;;S46;;;;;
;;;;S27;;;;;;S31;S32;;S80;S33;;S35;S36;;;;;;;S38;;;S41;;;;;;;;;S46;;;;;
;R23;;;R23;;R23;R23;;R23;R23;R23;;;R23;R23;R23;R23;R23;R23;;R23;;;R23;R23;R23;R23;R23;R23;;R23;R23;;R23;R23;R23;;;R23;;
R101;R101;R101;R101;R101;R101;R101;R101;R101;R101;R101;R101;R101;R101;R101;R101;R101;R101;R101;R101;;R101;R101;R101;R101;R101;R101;R101;R101;R101;;R101;R101;R101;R101;R101;R101;R101;R101;R101;R101;
;;;;S27;;;;;;S31;S32;;;S33;;S35;S36;;;;;;;S38;;;S41;;;;;;;;;S46;;;;;
;R34;;;S27;;R34;R34;;R34;S31;S32;R34;;S33;R34;S35;S36;R34;R34;S84;R34;;;S38;R34;R34;S41;R34;R34;;R34;R34;;R34;R34;S46;;R34;R34;;
R98;R98;R98;R98;R98;R98;R98;R98;R98;R98;R98;R98;R98;R98;R98;R98;R98;R98;R98;R98;;R98;R98;R98;R98;R98;R98;R98;R98;R98;;R98;R98;R98;R98;R98;R98;R98;R98;R98;R98;
;R25;;;S27;;R25;R25;;R25;S31;S32;;;S33;R25;S35;S36;R25;R25;;R25;;;S38;R25;R25;S41;R25;R25;;R25;R25;;R25;R25;S46;;;R25;;
;;;;;;;;;;S87;;;;;;;;;;;;;;;;;;;;;;;;;;;;;;;
;;;;;;;;;;S87;;;;;;;;;;;;;;;;;;;;;;;;;;;;;;;
;R24;;;R24;;R24;R24;;R24;R24;R24;;;R24;R24;R24;R24;R24;R24;;R24;;;R24;R24;R24;R24;R24;R24;;R24;R24;;R24;R24;R24;;;R24;;
;;;;;;;;;;S31;S32;;;S33;;S35;S36;;;;;;;S38;;;S41;;;;;;;;;S46;;;;;
;;;;;;;;;;;;;;;;;;;;;;;;;;;;;;;;;;;;;;;;;R0
;R5;;;S27;;S28;R5;;R5;S31;S32;;;S33;S34;S35;S36;R5;R5;;S37;;;S38;R5;S40;S41;R5;S42;;S43;R5;;S44;S45;S46;;;;;
;R18;;;R18;;R18;R18;;R18;R18;R18;;;R18;R18;R18;R18;R18;R18;;R18;;;R18;R18;R18;R18;R18;R18;;R18;R18;;R18;R18;R18;;;R18;;
;;;;S27;;;;;;S31;S32;;;S33;;S35;S36;;;;;;;S38;;S40;S41;;;;;;;;;S46;;;;;
;;;;S27;;;;;;S31;S32;;;S33;;S35;S36;;;;;;;S38;;S40;S41;;;;;;;;;S46;;;;;
;R31;;;S27;;R31;R31;;R31;S31;S32;R31;;S33;R31;S35;S36;R31;R31;;R31;R31;;S38;R31;R31;S41;R31;R31;;R31;R31;;R31;R31;S46;;R31;R31;R31;
;R41;;;R41;;R41;R41;;R41;R41;R41;;;R41;R41;R41;R41;;S56;;R41;;;R41;R41;R41;R41;R41;R41;;R41;R41;;R41;R41;R41;;;;;
;R43;;;R43;;R43;R43;;R43;R43;R43;;;R43;R43;R43;R43;;;;R43;;;R43;R43;R43;R43;R43;R43;;R43;R43;;R43;R43;R43;;;;;
;;;;S27;;;;;;S31;S32;;;S33;;S35;S36;;;;;;;S38;;;S41;;;;;;;;;S46;;;;;
;;;;;;;;;;;;;;;;;;;;;;S98;;;;;;;;;;;;;;;;;;;
;;;;S27;;;;;;S31;S32;;;S33;;S35;S36;;;;;;;S38;;;S41;;;;;;;;;S46;;;;;
;;;;S27;;;;;;S31;S32;;;S33;;S35;S36;;;;;;;S38;;;S41;;;;;;;;;S46;;;;;
;;;;S27;;;;;;S31;S32;;;S33;;S35;S36;;;;;;;S38;;;S41;;;;;;;;;S46;;;;;
;;;;;;;;;;S31;S32;;;S33;;S35;S36;;;;;;;S38;;;S41;;;;;;;;;S46;;;;;
;;;;;;;;;;S31;S32;;;S33;;S35;S36;;;;;;;S38;;;S41;;;;;;;;;S46;;;;;
;;;;;;;;;;S31;S32;;;S33;;S35;S36;;;;;;;S38;;;S41;;;;;;;;;S46;;;;;
;;;;;;;;;;S31;S32;;;S33;;S35;S36;;;;;;;S38;;;S41;;;;;;;;;S46;;;;;
R91;R91;R91;R91;R91;;R91;R91;R91;R91;R91;R91;R91;R91;R91;R91;R91;R91;R91;R91;;R91;R91;R91;R91;R91;R91;R91;R91;R91;;R91;R91;R91;R91;R91;R91;R91;R91;R91;R91;
R102;R102;R102;R102;R102;S66;R102;R102;R102;R102;R102;R102;R102;R102;R102;R102;S67;S68;R102;R102;;R102;R102;R102;R102;R102;R102;R102;R102;R102;;R102;R102;R102;R102;R102;R102;R102;R102;R102;R102;
;;;;;;;;;;S107;;;;;;;;;;;;;;;;;;;;;;;;;;;;;;;
;;;;S27;;;;S111;;S31;S32;S112;;S33;;S35;S36;;;;;;;S38;;;S41;;;;;;;;;S46;;;;;
;;;;S27;;;;;;S31;S32;;;S33;;S35;S36;;;;;;;S38;;;S41;;;;;;;;;S46;;;;;
;;;;;;;;;;;;;;;;;;;;;;S114;;;;;;;;;;;;;;;;;;;
;R78;R78;R78;R78;;R78;R78;;R78;R78;R78;R78;R78;R78;R78;R78;R78;R78;R78;;R78;R78;R78;R78;R78;R78;R78;R78;R78;;R78;R78;;R78;R78;R78;;R78;R78;R78;
;R10;;;R10;;R10;R10;;R10;R10;R10;;;R10;R10;R10;R10;R10;R10;;R10;;;R10;R10;R10;R10;R10;R10;;R10;R10;;R10;R10;R10;;;R10;;
R19;R19;;;R19;;R19;R19;;R19;R19;R19;;;R19;R19;R19;R19;R19;R19;;R19;;S115;R19;R19;R19;R19;R19;R19;;R19;R19;;R19;R19;R19;;;R19;;
;;;;;;;;;;;;;;;;S117;;;;;;;;;;;;;;;;;;;;;;;;;
S118;;;;;;;;;;;;;;;;;;;;;;;;;;;;;;;;;;;;;;;;;
;;;;;;;;;;;;S119;;;;;;;;;;;;;;;;;;;;;;;;;;;;;
;R104;;;R104;;R104;R104;;R104;R104;R104;R104;R104;R104;R104;R104;R104;R104;R104;;R104;R104;S120;R104;R104;R104;R104;R104;R104;;R104;R104;;R104;R104;R104;;R104;R104;R104;
;;;;;;;;;;;;S121;;;;;;;;;;;;;;;;;;;;;;;;;;;;;
R92;R92;R92;R92;R92;R92;R92;R92;R92;R92;R92;R92;R92;R92;R92;R92;R92;R92;R92;R92;;R92;R92;R92;R92;R92;R92;R92;R92;R92;;R92;R92;R92;R92;R92;R92;R92;R92;R92;R92;
;;;;;;;;;;;;;S122;;;;;;;;;;;;;;;;;;;;;;;;;;;;
R95;R95;R95;R95;R95;R95;R95;R95;R95;R95;R95;R95;R95;R95;R95;R95;R95;R95;R95;R95;;R95;R95;R95;R95;R95;R95;R95;R95;R95;;R95;R95;R95;R95;R95;R95;R95;R95;R95;R95;
;;;;;;;;;;;;;;;;;;;;;;S123;;;;;;;;;;;;;;;;;;;
;R124;;;R124;;R124;R124;;R124;R124;R124;R124;;R124;R124;R124;R124;R124;R124;;R124;;;R124;R124;R124;R124;R124;R124;;R124;R124;;R124;R124;R124;;R124;R124;;
;R35;;;R35;;R35;R35;;R35;R35;R35;R35;;R35;R35;R35;R35;R35;R35;;R35;;;R35;R35;R35;R35;R35;R35;;R35;R35;;R35;R35;R35;;R35;R35;;
;;;;S27;;;;;;S31;S32;;;S33;;S35;S36;;;;;;;S38;;;S41;;;;;;;;;S46;;;;;
;R26;;;R26;;R26;R26;;R26;R26;R26;;;R26;R26;R26;R26;R26;R26;;R26;;;R26;R26;R26;R26;R26;R26;;R26;R26;;R26;R26;R26;;;R26;;
;R13;;;R13;;R13;R13;;R13;R13;R13;;;R13;R13;R13;R13;R13;R13;;R13;;;R13;R13;R13;R13;R13;R13;;R13;R13;;R13;R13;R13;;;R13;;
;R28;;;R28;;R28;R28;;R28;R28;R28;;;R28;R28;R28;R28;R28;R28;;R28;;S125;R28;R28;R28;R28;R28;R28;;R28;R28;;R28;R28;R28;;;R28;;
;R14;;;R14;;R14;R14;;R14;R14;R14;;;R14;R14;R14;R14;R14;R14;;R14;;;R14;R14;R14;R14;R14;R14;;R14;R14;;R14;R14;R14;;;R14;;
R86;R86;R86;R86;R86;;R86;R86;;R86;R86;R86;R86;R86;R86;R86;R86;R86;R86;R86;;R86;R86;R86;R86;R86;R86;R86;R86;R86;;R86;R86;R86;R86;R86;R86;R86;R86;R86;R86;
;R4;;;R4;;R4;R4;;R4;R4;R4;;;R4;R4;R4;R4;R4;R4;;R4;;;R4;R4;R4;R4;R4;R4;;R4;R4;;R4;R4;R4;;;;;
;R38;;;R38;;R38;R38;;R38;R38;R38;;;R38;R38;R38;R38;R38;R38;;R38;;;R38;R38;R38;R38;R38;R38;;R38;R38;;R38;R38;R38;;S50;R38;;
;R36;;;R36;;R36;R36;;R36;R36;R36;;;R36;R36;R36;R36;R36;R36;;R36;;;R36;R36;R36;R36;R36;R36;;R36;R36;;R36;R36;R36;;S50;R36;;
;R17;;;R17;;R17;R17;;R17;R17;R17;;;R17;R17;R17;R17;R17;R17;;R17;;;R17;R17;R17;R17;R17;R17;;R17;R17;;R17;R17;R17;;;R17;;
;R16;;;R16;;R16;R16;;R16;R16;R16;;;R16;R16;R16;R16;R16;R16;;R16;;;R16;R16;R16;R16;R16;R16;;R16;R16;;R16;R16;R16;;;R16;;
;R32;;;R32;;R32;R32;;R32;R32;R32;R32;;R32;R32;R32;R32;R32;R32;;R32;R32;S128;R32;R32;R32;R32;R32;R32;;R32;R32;;R32;R32;R32;;R32;R32;R32;
;R42;;;R42;;R42;R42;;R42;R42;R42;;;R42;R42;R42;R42;;;;R42;;;R42;R42;R42;R42;R42;R42;;R42;R42;;R42;R42;R42;;;;;
;;;;;;;;;;;;;;;;;;;;;;S129;;;;;;;;;;;;;;;;;;;
;;;;S27;;S28;;;;S31;S32;;;S33;S34;S35;S36;;;;S37;;;S38;;S40;S41;;S42;;S43;S132;;S44;S45;S46;;;;;
;;;;;;;;;;;;;;;;;;;S133;;;;;;;;;;;;;;;;;;;;;;
;R75;;;R75;;R75;R75;;R75;R75;R75;R75;R75;R75;R75;R75;R75;R75;R75;;R75;R75;R75;R75;R75;R75;R75;R75;R75;;R75;R75;;R75;R75;R75;;R75;R75;R75;
;R77;R77;;R77;;R77;R77;;R77;R77;R77;R77;R77;R77;R77;R77;R77;R77;R77;;R77;R77;R77;R77;R77;R77;R77;R77;R77;;R77;R77;;R77;R77;R77;;R77;R77;R77;
;R81;R81;R81;R81;;R81;R81;;R81;R81;R81;R81;R81;R81;R81;R81;R81;R81;R81;;R81;R81;R81;R81;R81;R81;R81;R81;R81;;R81;R81;;R81;R81;R81;;R81;R81;R81;
R83;R83;R83;R83;R83;;R83;R83;;R83;R83;R83;R83;R83;R83;R83;R83;R83;R83;R83;;R83;R83;R83;R83;R83;R83;R83;R83;R83;;R83;R83;R83;R83;R83;R83;;R83;R83;R83;
R85;R85;R85;R85;R85;;R85;R85;;R85;R85;R85;R85;R85;R85;R85;R85;R85;R85;R85;;R85;R85;R85;R85;R85;R85;R85;R85;R85;;R85;R85;R85;R85;R85;R85;;R85;R85;R85;
R89;R89;R89;R89;R89;;R89;R89;;R89;R89;R89;R89;R89;R89;R89;R89;R89;R89;R89;;R89;R89;R89;R89;R89;R89;R89;R89;R89;;R89;R89;R89;R89;R89;R89;R89;R89;R89;R89;
R103;R103;R103;R103;R103;;R103;R103;R103;R103;R103;R103;R103;R103;R103;R103;R103;R103;R103;R103;;R103;R103;R103;R103;R103;R103;R103;R103;R103;;R103;R103;R103;R103;R103;R103;R103;R103;R103;R103;
R111;R111;R111;R111;R111;R111;R111;R111;R111;R111;R111;R111;R111;R111;R111;R111;R111;R111;R111;R111;;R111;R111;R111;R111;R111;R111;R111;R111;R111;;R111;R111;R111;R111;R111;R111;R111;R111;R111;R111;
;;;;;;;;;;;;R118;;;;;;;;;;;R118;;;;;;;;;;;;;;;S134;;;
;;;;;;;;;;;;S135;;;;;;;;;;;;;;;;;;;;;;;;;;;;;
;;;;;;;;;;;;R112;;;;;;;;;;;S136;;;;;;;;;;;;;;;;;;
;;;;S27;;;;;;S31;S32;;;S33;;S35;S36;;;;;;;S38;;;S41;;;;;;;;;S46;;;;;
R107;R107;R107;R107;R107;R107;R107;R107;R107;R107;R107;R107;R107;R107;R107;R107;R107;R107;R107;R107;;R107;R107;R107;R107;R107;R107;R107;R107;R107;;R107;R107;R107;R107;R107;R107;R107;R107;R107;R107;
;;;;;;;;;;;;;S138;;;;;;;;;;S139;;;;;;;;;;;;;;;;;;
;;;;S27;;S28;;;;S31;S32;;;S33;S34;S35;S36;;;;S37;;;S38;;S40;S41;;S42;;S43;S132;;S44;S45;S46;;;;;
R20;R20;;;R20;;R20;R20;;R20;S31;S32;;;S33;R20;S35;S36;R20;R20;;R20;;;S38;R20;R20;S41;R20;R20;;R20;R20;;R20;R20;S46;;;R20;;
;;;;;;;;;;;;;;;;;;;;;;S143;;;;;;;;;;;;;;;;;;;
;;;;;;;;;;S146;;S147;;;;S148;;;;;;;;;;;;;;;;;;;;;;;;;
;;;;S27;;;;;;S31;S32;;;S33;;S35;S36;;;;;;;S38;;;S41;;;;;;;;;S46;;;;;
R93;R93;R93;R93;R93;R93;R93;R93;R93;R93;R93;R93;R93;R93;R93;R93;R93;R93;R93;R93;;R93;R93;R93;R93;R93;R93;R93;R93;R93;;R93;R93;R93;R93;R93;R93;R93;R93;R93;R93;
;;;;S27;;;;;;S31;S32;;;S33;;S35;S36;;;;;;;S38;;;S41;;;;;;;;;S46;;;;;
R94;R94;R94;R94;R94;R94;R94;R94;R94;R94;R94;R94;R94;R94;R94;R94;R94;R94;R94;R94;;R94;R94;R94;R94;R94;R94;R94;R94;R94;;R94;R94;R94;R94;R94;R94;R94;R94;R94;R94;
R96;R96;R96;R96;R96;R96;R96;R96;R96;R96;R96;R96;R96;R96;R96;R96;R96;R96;R96;R96;;R96;R96;R96;R96;R96;R96;R96;R96;R96;;R96;R96;R96;R96;R96;R96;R96;R96;R96;R96;
;;;;S27;;S28;;;;S31;S32;;;S33;S34;S35;S36;;;;S37;;;S38;;S40;S41;;S42;;S43;S132;;S44;S45;S46;;;;;
;R123;;;R123;;R123;R123;;R123;R123;R123;R123;;R123;R123;R123;R123;R123;R123;;R123;;;R123;R123;R123;R123;R123;R123;;R123;R123;;R123;R123;R123;;R123;R123;;
;;;;;;;;;;S87;;;;;;;;;;;;;;;;;;;;;;;;;;;;;;;
;R39;;;R39;;R39;R39;;R39;R39;R39;;;R39;R39;R39;R39;R39;R39;;R39;;;R39;R39;R39;R39;R39;R39;;R39;R39;;R39;R39;R39;;;R39;;
;R37;;;R37;;R37;R37;;R37;R37;R37;;;R37;R37;R37;R37;R37;R37;;R37;;;R37;R37;R37;R37;R37;R37;;R37;R37;;R37;R37;R37;;;R37;;
;R33;;;R33;;R33;R33;;R33;R33;R33;R33;;R33;R33;R33;R33;R33;R33;;R33;R33;;R33;R33;R33;R33;R33;R33;;R33;R33;;R33;R33;R33;;R33;R33;R33;
;;;;S27;;S28;;;;S31;S32;;;S33;S34;S35;S36;;;;S37;;;S38;;S40;S41;;S42;;S43;S132;;S44;S45;S46;;;;;
;R50;;;R50;;R50;R50;;R50;R50;R50;;;R50;R50;R50;R50;R50;R50;;R50;;;R50;R50;R50;R50;R50;R50;;R50;R50;;R50;R50;R50;;;;;
;R69;;;R69;;R69;R69;;R69;R69;R69;;;R69;R69;R69;R69;;;;R69;;;R69;R69;R69;R69;R69;R69;;R69;R69;;R69;R69;R69;;;;;
;;;;;;;;;;;;;;;;;;;;;;;;;;;;;;S154;;;;;;;;;;;
;;;;S27;;;;;;S31;S32;;;S33;;S35;S36;;;;;;;S38;;;S41;;;;;;;;;S46;;;;;
;;;;S27;;;;;;S31;S32;;;S33;;S35;S36;;;;;;;S38;;;S41;;;;;;;;;S46;;;;;
R108;R108;R108;R108;R108;R108;R108;R108;R108;R108;R108;R108;R108;R108;R108;R108;R108;R108;R108;R108;;R108;R108;R108;R108;R108;R108;R108;R108;R108;;R108;R108;R108;R108;R108;R108;R108;R108;R108;R108;
;;;;S27;;;;S111;;S31;S32;R113;;S33;;S35;S36;;;;;;;S38;;;S41;;;;;;;;;S46;;;;;
;;;;;;;;;;;;R120;;;;;;;;;;;R120;;;;;;;;;;;;;;;;;;
R109;R109;R109;R109;R109;R109;R109;R109;R109;R109;R109;R109;R109;R109;R109;R109;R109;R109;R109;R109;;R109;R109;R109;R109;R109;R109;R109;R109;R109;;R109;R109;R109;R109;R109;R109;R109;R109;R109;R109;
;;;;;;;;;;;;;S159;;;;;;;;;;;;;;;;;;;;;;;;;;;;
;R66;;;R66;;R66;R66;;R66;R66;R66;;;R66;R66;R66;R66;R66;R66;;R66;;;R66;R66;R66;R66;R66;R66;;R66;R66;;R66;R66;R66;;;;;
R116;R116;;;R116;;R116;R116;;R116;R116;R116;;;R116;R116;R116;R116;R116;R116;;R116;;S160;R116;R116;R116;R116;R116;R116;;R116;R116;;R116;R116;R116;;;R116;;
R21;R21;;;R21;;R21;R21;;R21;R21;R21;;;R21;R21;R21;R21;R21;R21;;R21;;S161;R21;R21;R21;R21;R21;R21;;R21;R21;;R21;R21;R21;;;R21;;
;;;;S27;;S28;;;;S31;S32;;;S33;S34;S35;S36;;;;S37;;;S38;;S40;S41;;S42;;S43;S132;;S44;S45;S46;;;;;
;;;;;;;;;;;;S163;;;;;;;;;;;;;;;;;;;;;;;;;;;;;
;;;;;;;;;;;;R52;;;;;;;;;;;S164;;;;;;;;;;;;;;;S165;;;
;;;;;;;;;;;;R58;;;;;;;;;;;R58;;;;;;;;;;;;;;;R58;;;
;;;;;;;;;;;;;;;;;;;;;;R48;;;;;;;;;;;;;;;;;;;
;;;;;;;;;;S146;;;;;;S148;;;;;;;;;;;;;;;;;;;;;;;;;
;;;;;;;;;;;;;;;;;;;;;;S168;;;;;;;;;;;;;;;;;;;
;R105;;;R105;;R105;R105;;R105;R105;R105;R105;R105;R105;R105;R105;R105;R105;R105;;R105;R105;S169;R105;R105;R105;R105;R105;R105;;R105;R105;;R105;R105;R105;;R105;R105;R105;
;R70;;;R70;;R70;R70;;R70;R70;R70;;;R70;R70;R70;R70;;S56;;R70;;;R70;R70;R70;R70;R70;R70;;R70;R70;;R70;R70;R70;;;;;
;R29;;;R29;;R29;R29;;R29;R29;R29;;;R29;R29;R29;R29;R29;R29;;R29;;;R29;R29;R29;R29;R29;R29;;R29;R29;;R29;R29;R29;;;R29;;
;R67;;;R67;;R67;R67;;R67;R67;R67;;;R67;R67;R67;R67;S55;R67;;R67;;;R67;R67;R67;R67;R67;R67;;R67;R67;;R67;R67;R67;;;;;
;S26;;;S27;;S28;S29;;S30;S31;S32;;;S33;S34;S35;S36;;;;S37;;;S38;S39;S40;S41;;S42;;S43;;;S44;S45;S46;;;;;
;R61;;;R61;;R61;R61;;R61;R61;R61;R61;R61;R61;R61;R61;R61;R61;R61;;R61;R61;R61;R61;R61;R61;R61;R61;R61;;R61;R61;;R61;R61;R61;;R61;R61;R61;
;;;;;;;;;;;;R119;;;;;;;;;;;R119;;;;;;;;;;;;;;;;;;
;;;;;;;;;;;;R121;;;;;;;;;;;S174;;;;;;;;;;;;;;;;;;
;;;;;;;;;;;;R114;;;;;;;;;;;S175;;;;;;;;;;;;;;;;;;
R110;R110;R110;R110;R110;R110;R110;R110;R110;R110;R110;R110;R110;R110;R110;R110;R110;R110;R110;R110;;R110;R110;R110;R110;R110;R110;R110;R110;R110;;R110;R110;R110;R110;R110;R110;R110;R110;R110;R110;
;;;;;;;;;;S31;S32;;;S33;;S35;S36;;;;;;;S38;;;S41;;;;;;;;;S46;;;;;
R22;R22;;;R22;;R22;R22;;R22;R22;R22;;;R22;R22;R22;R22;R22;R22;;R22;;;R22;R22;R22;R22;R22;R22;;R22;R22;;R22;R22;R22;;;R22;;
;R47;;;R47;;R47;R47;;R47;R47;R47;;;R47;R47;R47;R47;;;;R47;;;R47;R47;R47;R47;R47;R47;;R47;R47;;R47;R47;R47;;;;;
;;;;;;;;;;;;;;;;;;;;;;R49;;;;;;;;;;;;;;;;;;;
;;;;;;;;;;S146;;R53;;;;S148;;;;;;;;;;;;;;;;;;;;;;;;;
;;;;S27;;;;;;S31;S32;;;S33;;S35;S36;;;;;;;S38;;;S41;;;;;;;;;S46;;;;;
;;;;;;;;;;;;R62;;;;;;;;;;;S179;;;;;;;;;;;;;;;;;;
;;;;;;;;;;;;S180;;;;;;;;;;;;;;;;;;;;;;;;;;;;;
;;;;S27;;S28;;;;S31;S32;;;S33;S34;S35;S36;;;;S37;;;S38;;S40;S41;;S42;;S43;S132;;S44;S45;S46;;;;;
;R106;;;R106;;R106;R106;;R106;R106;R106;R106;R106;R106;R106;R106;R106;R106;R106;;R106;R106;R106;R106;R106;R106;R106;R106;R106;;R106;R106;;R106;R106;R106;;R106;R106;R106;
;R71;;;R71;;R71;R71;;R71;R71;R71;;;R71;R71;R71;R71;;;;R71;;;R71;R71;R71;R71;R71;R71;;R71;R71;;R71;R71;R71;;;;;
;R68;;;R68;;R68;R68;;R68;R68;R68;;;R68;R68;R68;R68;;R68;;R68;;;R68;R68;R68;R68;R68;R68;;R68;R68;;R68;R68;R68;;;;;
;S26;;;S27;;S28;S29;;S30;S31;S32;;;S33;S34;S35;S36;;;;S37;;;S38;S39;S40;S41;R72;S42;;S43;;;S44;S45;S46;;;;;
;;;;;;;;;;;;;;;;;;;;;;;;;;;;S183;;;;;;;;;;;;;
;;;;S27;;;;S111;;S31;S32;;;S33;;S35;S36;;;;;;;S38;;;S41;;;;;;;;;S46;;;;;
;;;;;;;;;;;;R115;;;;;;;;;;;;;;;;;;;;;;;;;;;;;
R117;R117;;;R117;;R117;R117;;R117;R117;R117;;;R117;R117;R117;R117;R117;R117;;R117;;R117;R117;R117;R117;R117;R117;R117;;R117;R117;;R117;R117;R117;;;R117;;
;;;;;;;;;;;;R56;;;;;;;;;;;;;;;;;;;;;;;;;;;;;
;;;;;;;;;;;;R55;;;;;;;;;;;S185;;;;;;;;;;;;;;;;;;
;;;;;;;;;;S146;;R64;;;;S148;;;;;;;R64;;;;;;;;;;;;;;;;;;
;;;;;;;;;;;;R59;;;;;;;;;;;R59;;;;;;;;;;;;;;;R59;;;
;R45;;;R45;;R45;R45;;R45;R45;R45;;;R45;R45;R45;R45;;S56;;R45;;;R45;R45;R45;R45;R45;R45;;R45;R45;;R45;R45;R45;;;;;
;;;;;;;;;;;;;;;;;;;;;;;;;;;;R73;;;;;;;;;;;;;
;R51;;;R51;;R51;R51;;R51;R51;R51;;;R51;R51;R51;R51;R51;R51;;R51;;;R51;R51;R51;R51;R51;R51;;R51;R51;;R51;R51;R51;;;;;
;;;;;;;;;;;;R122;;;;;;;;;;;R122;;;;;;;;;;;;;;;;;;
;;;;;;;;;;S146;;R54;;;;S148;;;;;;;;;;;;;;;;;;;;;;;;;
;;;;;;;;;;;;R63;;;;;;;;;;;S189;;;;;;;;;;;;;;;;;;
;R46;;;R46;;R46;R46;;R46;R46;R46;;;R46;R46;R46;R46;;;;R46;;;R46;R46;R46;R46;R46;R46;;R46;R46;;R46;R46;R46;;;;;
;;;;;;;;;;;;R57;;;;;;;;;;;;;;;;;;;;;;;;;;;;;
;;;;;;;;;;;;R65;;;;;;;;;;;R65;;;;;;;;;;;;;;;;;;
