;S26;;;S27;;S28;S29;;S30;S31;S32;;;S33;S34;S35;S36;;;;S37;;;S38;S39;S40;S41;;S42;;S43;S44;;S45;S46;S47;;;;;
;;;;;;;;;;;;;;;;;;;;;;;;;;;;;;;;;;;;;;;;;acc
;S26;;;S27;;S28;S29;;S30;S31;S32;;;S33;S34;S35;S36;;;;S37;;;S38;S39;S40;S41;;S42;;S43;S44;;S45;S46;S47;;;;;R0
;R4;;;R4;;R4;R4;;R4;R4;R4;;;R4;R4;R4;R4;;;;R4;;;R4;R4;R4;R4;R4;R4;;R4;S49;;R4;R4;R4;;;;;R4
;R6;;;R6;;R6;R6;;R6;R6;R6;;;R6;R6;R6;R6;;;;R6;;;R6;R6;R6;R6;R6;R6;;R6;S50;;R6;R6;R6;;;;;R6
;R8;;;R8;;R8;R8;;R8;R8;R8;;;R8;R8;R8;R8;R8;R8;;R8;;;R8;R8;R8;R8;R8;R8;;R8;R8;;R8;R8;R8;;;S51;;R8
;R14;;;R14;;R14;R14;;R14;R14;R14;;;R14;R14;R14;R14;R14;R14;;R14;;;R14;R14;R14;R14;R14;R14;;R14;R14;;R14;R14;R14;;;R14;;R14
;R17;;;R17;;R17;R17;;R17;R17;R17;;;R17;R17;R17;R17;R17;R17;;R17;;;R17;R17;R17;R17;R17;R17;;R17;R17;;R17;R17;R17;;;R17;;R17
;R20;;;R20;;R20;R20;;R20;R20;R20;;;R20;R20;R20;R20;R20;R20;;R20;;;R20;R20;R20;R20;R20;R20;;R20;R20;;R20;R20;R20;;S53;R20;S54;R20
;R32;;;R32;;R32;R32;;R32;R32;R32;;;R32;R32;R32;R32;R32;R32;;R32;;;R32;R32;R32;R32;R32;R32;;R32;R32;;R32;R32;R32;;;R32;;R32
;R11;;;R11;;R11;R11;;R11;R11;R11;;;R11;R11;R11;R11;;;;R11;;;R11;R11;R11;R11;R11;R11;;R11;R11;;R11;R11;R11;;;;;R11
;R12;;;R12;;R12;R12;;R12;R12;R12;;;R12;R12;R12;R12;;;;R12;;;R12;R12;R12;R12;R12;R12;;R12;R12;;R12;R12;R12;;;;;R12
;R13;;;R13;;R13;R13;;R13;R13;R13;;;R13;R13;R13;R13;;;;R13;;;R13;R13;R13;R13;R13;R13;;R13;R13;;R13;R13;R13;;;;;R13
;R35;;;R35;;R35;R35;;R35;R35;R35;R35;;R35;R35;R35;R35;R35;R35;;R35;R35;S55;R35;R35;R35;R35;R35;R35;;R35;R35;;R35;R35;R35;;R35;R35;R35;R35
;R45;;;R45;;R45;R45;;R45;R45;R45;;;R45;R45;R45;R45;S58;S59;;R45;;;R45;R45;R45;R45;R45;R45;;R45;R45;;R45;R45;R45;;;;;R45
;R49;;;R49;;R49;R49;;R49;R49;R49;;;R49;R49;R49;R49;;;;R49;;;R49;R49;R49;R49;R49;R49;;R49;R49;;R49;R49;R49;;;;;R49
;S60;;;R65;;R65;R65;;R65;R65;R65;R65;R65;R65;R65;R65;R65;R65;R65;;R65;R65;R65;R65;R65;R65;R65;R65;R65;;R65;R65;;R65;R65;R65;;R65;R65;R65;R65
;R79;S61;;R79;;R79;R79;;R79;R79;R79;R79;R79;R79;R79;R79;R79;R79;R79;;R79;R79;R79;R79;R79;R79;R79;R79;R79;;R79;R79;;R79;R79;R79;;R79;R79;R79;R79
;R81;R81;S62;R81;;R81;R81;;R81;R81;R81;R81;R81;R81;R81;R81;R81;R81;R81;;R81;R81;R81;R81;R81;R81;R81;R81;R81;;R81;R81;;R81;R81;R81;;R81;R81;R81;R81
;R84;R84;R84;R84;;R84;R84;;R84;R84;R84;R84;R84;R84;R84;R84;R84;R84;R84;;R84;R84;R84;R84;R84;R84;R84;R84;R84;;R84;R84;;R84;R84;R84;;R84;R84;R84;R84
;R85;R85;R85;R85;;R85;R85;;R85;R85;R85;R85;R85;R85;R85;R85;R85;R85;R85;;R85;R85;R85;R85;R85;R85;R85;R85;R85;;R85;R85;S63;R85;R85;R85;;R85;R85;R85;R85
R87;R87;R87;R87;R87;;R87;R87;;R87;R87;R87;R87;R87;R87;R87;R87;R87;R87;R87;;R87;R87;R87;R87;R87;R87;R87;R87;R87;;R87;R87;R87;R87;R87;S64;;R87;R87;R87;R87
R89;R89;R89;R89;R89;;R89;R89;;R89;R89;R89;R89;R89;R89;R89;R89;R89;R89;R89;;R89;R89;R89;R89;R89;R89;R89;R89;R89;;R89;R89;R89;R89;R89;R89;S65;R89;R89;R89;R89
R92;R92;R92;R92;R92;;R92;R92;;R92;R92;R92;R92;R92;R92;R92;R92;R92;R92;R92;;R92;R92;R92;R92;R92;R92;R92;R92;R92;;R92;R92;R92;R92;R92;R92;R92;R92;R92;R92;R92
R93;R93;R93;R93;R93;;R93;R93;S66;R93;R93;R93;R93;R93;R93;R93;R93;R93;R93;R93;;R93;R93;R93;R93;R93;R93;R93;R93;R93;;R93;R93;R93;R93;R93;R93;R93;R93;R93;R93;R93
R95;R95;R95;R95;R95;S69;R95;R95;R95;R95;R95;R95;R95;R95;R95;R95;S70;S71;R95;R95;;R95;R95;R95;R95;R95;R95;R95;R95;R95;;R95;R95;R95;R95;R95;R95;R95;R95;R95;R95;R95
;;;;S27;;;;;;S31;S32;;;S33;;S35;S36;;;;;;;S38;;;S41;;;;;;;;;S47;;;;;
;;;;S27;;;;;;S31;S32;;;S33;;S35;S36;;;;;;;S38;;;S41;;;;;;;;;S47;;;;;
;;;;;;;;;;S31;S32;;;S33;;S35;S36;;;;;;;S38;;;S41;;;;;;;;;S47;;;;;
;;;;;;;;;;S76;;;;;;;;;;;;;;;;;;;;;;;;;;;;;;;
;;;;;;;;;;S31;S32;;;S33;;S35;S36;;;;;;;S38;;;S41;;;;;;;;;S47;;;;;
R102;R102;R102;R102;R102;R102;R102;R102;R102;R102;R102;R102;R102;R102;R102;R102;R102;R102;R102;R102;;R102;R102;R102;R102;R102;R102;R102;R102;R102;;R102;R102;R102;R102;R102;R102;R102;R102;R102;R102;R102
R104;R104;R104;R104;R104;R104;R104;R104;R104;R104;R104;R104;R104;R104;R104;R104;R104;R104;R104;R104;;R104;R104;R104;R104;R104;R104;R104;R104;R104;;R104;R104;R104;R104;R104;R104;R104;R104;R104;R104;R104
R105;R105;R105;R105;R105;R105;R105;R105;R105;R105;R105;R105;R105;R105;R105;R105;R105;R105;R105;R105;;R105;R105;R105;R105;R105;R105;R105;R105;R105;;R105;R105;R105;R105;R105;R105;R105;R105;R105;R105;R105
;R16;;;R16;;R16;R16;;R16;R16;R16;;;R16;R16;R16;R16;R16;R16;;R16;;;R16;R16;R16;R16;R16;R16;;R16;R16;;R16;R16;R16;;;R16;;R16
;;;;S27;;;;;;S31;S32;S81;;S33;;S35;S36;;;;;;;S38;;S40;S41;;;;;;;;;S47;;;;;
;;;;S27;;;;;;S31;S32;;S83;S33;;S35;S36;;;;;;;S38;;;S41;;;;;;;;;S47;;;;;
;R28;;;R28;;R28;R28;;R28;R28;R28;;;R28;R28;R28;R28;R28;R28;;R28;;;R28;R28;R28;R28;R28;R28;;R28;R28;;R28;R28;R28;;;R28;;R28
R106;R106;R106;R106;R106;R106;R106;R106;R106;R106;R106;R106;R106;R106;R106;R106;R106;R106;R106;R106;;R106;R106;R106;R106;R106;R106;R106;R106;R106;;R106;R106;R106;R106;R106;R106;R106;R106;R106;R106;R106
;;;;S27;;;;;;S31;S32;;;S33;;S35;S36;;;;;;;S38;;;S41;;;;;;;;;S47;;;;;
;R39;;;S27;;R39;R39;;R39;S31;S32;R39;;S33;R39;S35;S36;R39;R39;S87;R39;;;S38;R39;R39;S41;R39;R39;;R39;R39;;R39;R39;S47;;R39;R39;;R39
R103;R103;R103;R103;R103;R103;R103;R103;R103;R103;R103;R103;R103;R103;R103;R103;R103;R103;R103;R103;;R103;R103;R103;R103;R103;R103;R103;R103;R103;;R103;R103;R103;R103;R103;R103;R103;R103;R103;R103;R103
;R30;;;S27;;R30;R30;;R30;S31;S32;;;S33;R30;S35;S36;R30;R30;;R30;;;S38;R30;R30;S41;R30;R30;;R30;R30;;R30;R30;S47;;;R30;;R30
;;;;;;;;;;S90;;;;;;;;;;;;;;;;;;;;;;;;;;;;;;;
;S26;;;S27;;S28;S29;;S30;S31;S32;;;S33;S34;S35;S36;;;;S37;;;S38;S39;S40;S41;;S42;;S43;S44;;S45;S46;S47;;;;;R1
;;;;;;;;;;S90;;;;;;;;;;;;;;;;;;;;;;;;;;;;;;;
;R29;;;R29;;R29;R29;;R29;R29;R29;;;R29;R29;R29;R29;R29;R29;;R29;;;R29;R29;R29;R29;R29;R29;;R29;R29;;R29;R29;R29;;;R29;;R29
;;;;;;;;;;S31;S32;;;S33;;S35;S36;;;;;;;S38;;;S41;;;;;;;;;S47;;;;;
;;;;;;;;;;;;;;;;;;;;;;;;;;;;;;;;;;;;;;;;;R2
;R5;;;R5;;R5;R5;;R5;R5;R5;;;R5;R5;R5;R5;;;;R5;;;R5;R5;R5;R5;R5;R5;;R5;R5;;R5;R5;R5;;;;;R5
;R7;;;R7;;R7;R7;;R7;R7;R7;;;R7;R7;R7;R7;;;;R7;;;R7;R7;R7;R7;R7;R7;;R7;R7;;R7;R7;R7;;;;;R7
;R10;;;S27;;S28;R10;;R10;S31;S32;;;S33;S34;S35;S36;R10;R10;;S37;;;S38;R10;S40;S41;R10;S42;;S43;R10;;S45;S46;S47;;;;;R10
;R23;;;R23;;R23;R23;;R23;R23;R23;;;R23;R23;R23;R23;R23;R23;;R23;;;R23;R23;R23;R23;R23;R23;;R23;R23;;R23;R23;R23;;;R23;;R23
;;;;S27;;;;;;S31;S32;;;S33;;S35;S36;;;;;;;S38;;S40;S41;;;;;;;;;S47;;;;;
;;;;S27;;;;;;S31;S32;;;S33;;S35;S36;;;;;;;S38;;S40;S41;;;;;;;;;S47;;;;;
;R36;;;S27;;R36;R36;;R36;S31;S32;R36;;S33;R36;S35;S36;R36;R36;;R36;R36;;S38;R36;R36;S41;R36;R36;;R36;R36;;R36;R36;S47;;R36;R36;R36;R36
;R46;;;R46;;R46;R46;;R46;R46;R46;;;R46;R46;R46;R46;;S59;;R46;;;R46;R46;R46;R46;R46;R46;;R46;R46;;R46;R46;R46;;;;;R46
;R48;;;R48;;R48;R48;;R48;R48;R48;;;R48;R48;R48;R48;;;;R48;;;R48;R48;R48;R48;R48;R48;;R48;R48;;R48;R48;R48;;;;;R48
;;;;S27;;;;;;S31;S32;;;S33;;S35;S36;;;;;;;S38;;;S41;;;;;;;;;S47;;;;;
;;;;;;;;;;;;;;;;;;;;;;S102;;;;;;;;;;;;;;;;;;;
;;;;S27;;;;;;S31;S32;;;S33;;S35;S36;;;;;;;S38;;;S41;;;;;;;;;S47;;;;;
;;;;S27;;;;;;S31;S32;;;S33;;S35;S36;;;;;;;S38;;;S41;;;;;;;;;S47;;;;;
;;;;S27;;;;;;S31;S32;;;S33;;S35;S36;;;;;;;S38;;;S41;;;;;;;;;S47;;;;;
;;;;;;;;;;S31;S32;;;S33;;S35;S36;;;;;;;S38;;;S41;;;;;;;;;S47;;;;;
;;;;;;;;;;S31;S32;;;S33;;S35;S36;;;;;;;S38;;;S41;;;;;;;;;S47;;;;;
;;;;;;;;;;S31;S32;;;S33;;S35;S36;;;;;;;S38;;;S41;;;;;;;;;S47;;;;;
;;;;;;;;;;S31;S32;;;S33;;S35;S36;;;;;;;S38;;;S41;;;;;;;;;S47;;;;;
R96;R96;R96;R96;R96;;R96;R96;R96;R96;R96;R96;R96;R96;R96;R96;R96;R96;R96;R96;;R96;R96;R96;R96;R96;R96;R96;R96;R96;;R96;R96;R96;R96;R96;R96;R96;R96;R96;R96;R96
R107;R107;R107;R107;R107;S69;R107;R107;R107;R107;R107;R107;R107;R107;R107;R107;S70;S71;R107;R107;;R107;R107;R107;R107;R107;R107;R107;R107;R107;;R107;R107;R107;R107;R107;R107;R107;R107;R107;R107;R107
;;;;;;;;;;S111;;;;;;;;;;;;;;;;;;;;;;;;;;;;;;;
;;;;S27;;;;S115;;S31;S32;S116;;S33;;S35;S36;;;;;;;S38;;;S41;;;;;;;;;S47;;;;;
;;;;S27;;;;;;S31;S32;;;S33;;S35;S36;;;;;;;S38;;;S41;;;;;;;;;S47;;;;;
;;;;;;;;;;;;;;;;;;;;;;S118;;;;;;;;;;;;;;;;;;;
;R83;R83;R83;R83;;R83;R83;;R83;R83;R83;R83;R83;R83;R83;R83;R83;R83;R83;;R83;R83;R83;R83;R83;R83;R83;R83;R83;;R83;R83;;R83;R83;R83;;R83;R83;R83;R83
;R15;;;R15;;R15;R15;;R15;R15;R15;;;R15;R15;R15;R15;R15;R15;;R15;;;R15;R15;R15;R15;R15;R15;;R15;R15;;R15;R15;R15;;;R15;;R15
R24;R24;;;R24;;R24;R24;;R24;R24;R24;;;R24;R24;R24;R24;R24;R24;;R24;;S119;R24;R24;R24;R24;R24;R24;;R24;R24;;R24;R24;R24;;;R24;;R24
;;;;;;;;;;;;;;;;S121;;;;;;;;;;;;;;;;;;;;;;;;;
S122;;;;;;;;;;;;;;;;;;;;;;;;;;;;;;;;;;;;;;;;;
;;;;;;;;;;;;S123;;;;;;;;;;;;;;;;;;;;;;;;;;;;;
;R109;;;R109;;R109;R109;;R109;R109;R109;R109;R109;R109;R109;R109;R109;R109;R109;;R109;R109;S124;R109;R109;R109;R109;R109;R109;;R109;R109;;R109;R109;R109;;R109;R109;R109;R109
;;;;;;;;;;;;S125;;;;;;;;;;;;;;;;;;;;;;;;;;;;;
R97;R97;R97;R97;R97;R97;R97;R97;R97;R97;R97;R97;R97;R97;R97;R97;R97;R97;R97;R97;;R97;R97;R97;R97;R97;R97;R97;R97;R97;;R97;R97;R97;R97;R97;R97;R97;R97;R97;R97;R97
;;;;;;;;;;;;;S126;;;;;;;;;;;;;;;;;;;;;;;;;;;;
R100;R100;R100;R100;R100;R100;R100;R100;R100;R100;R100;R100;R100;R100;R100;R100;R100;R100;R100;R100;;R100;R100;R100;R100;R100;R100;R100;R100;R100;;R100;R100;R100;R100;R100;R100;R100;R100;R100;R100;R100
;;;;;;;;;;;;;;;;;;;;;;S127;;;;;;;;;;;;;;;;;;;
;R129;;;R129;;R129;R129;;R129;R129;R129;R129;;R129;R129;R129;R129;R129;R129;;R129;;;R129;R129;R129;R129;R129;R129;;R129;R129;;R129;R129;R129;;R129;R129;;R129
;R40;;;R40;;R40;R40;;R40;R40;R40;R40;;R40;R40;R40;R40;R40;R40;;R40;;;R40;R40;R40;R40;R40;R40;;R40;R40;;R40;R40;R40;;R40;R40;;R40
;;;;S27;;;;;;S31;S32;;;S33;;S35;S36;;;;;;;S38;;;S41;;;;;;;;;S47;;;;;
;R31;;;R31;;R31;R31;;R31;R31;R31;;;R31;R31;R31;R31;R31;R31;;R31;;;R31;R31;R31;R31;R31;R31;;R31;R31;;R31;R31;R31;;;R31;;R31
;R18;;;R18;;R18;R18;;R18;R18;R18;;;R18;R18;R18;R18;R18;R18;;R18;;;R18;R18;R18;R18;R18;R18;;R18;R18;;R18;R18;R18;;;R18;;R18
;R33;;;R33;;R33;R33;;R33;R33;R33;;;R33;R33;R33;R33;R33;R33;;R33;;S129;R33;R33;R33;R33;R33;R33;;R33;R33;;R33;R33;R33;;;R33;;R33
;;;;;;;;;;;;;;;;;;;;;;;;;;;;;;;;;;;;;;;;;R3
;R19;;;R19;;R19;R19;;R19;R19;R19;;;R19;R19;R19;R19;R19;R19;;R19;;;R19;R19;R19;R19;R19;R19;;R19;R19;;R19;R19;R19;;;R19;;R19
R91;R91;R91;R91;R91;;R91;R91;;R91;R91;R91;R91;R91;R91;R91;R91;R91;R91;R91;;R91;R91;R91;R91;R91;R91;R91;R91;R91;;R91;R91;R91;R91;R91;R91;R91;R91;R91;R91;R91
;R9;;;R9;;R9;R9;;R9;R9;R9;;;R9;R9;R9;R9;R9;R9;;R9;;;R9;R9;R9;R9;R9;R9;;R9;R9;;R9;R9;R9;;;;;R9
;R43;;;R43;;R43;R43;;R43;R43;R43;;;R43;R43;R43;R43;R43;R43;;R43;;;R43;R43;R43;R43;R43;R43;;R43;R43;;R43;R43;R43;;S53;R43;;R43
;R41;;;R41;;R41;R41;;R41;R41;R41;;;R41;R41;R41;R41;R41;R41;;R41;;;R41;R41;R41;R41;R41;R41;;R41;R41;;R41;R41;R41;;S53;R41;;R41
;R22;;;R22;;R22;R22;;R22;R22;R22;;;R22;R22;R22;R22;R22;R22;;R22;;;R22;R22;R22;R22;R22;R22;;R22;R22;;R22;R22;R22;;;R22;;R22
;R21;;;R21;;R21;R21;;R21;R21;R21;;;R21;R21;R21;R21;R21;R21;;R21;;;R21;R21;R21;R21;R21;R21;;R21;R21;;R21;R21;R21;;;R21;;R21
;R37;;;R37;;R37;R37;;R37;R37;R37;R37;;R37;R37;R37;R37;R37;R37;;R37;R37;S132;R37;R37;R37;R37;R37;R37;;R37;R37;;R37;R37;R37;;R37;R37;R37;R37
;R47;;;R47;;R47;R47;;R47;R47;R47;;;R47;R47;R47;R47;;;;R47;;;R47;R47;R47;R47;R47;R47;;R47;R47;;R47;R47;R47;;;;;R47
;;;;;;;;;;;;;;;;;;;;;;S133;;;;;;;;;;;;;;;;;;;
;;;;S27;;S28;;;;S31;S32;;;S33;S34;S35;S36;;;;S37;;;S38;;S40;S41;;S42;;S43;S136;;S45;S46;S47;;;;;
;;;;;;;;;;;;;;;;;;;S137;;;;;;;;;;;;;;;;;;;;;;
;R80;;;R80;;R80;R80;;R80;R80;R80;R80;R80;R80;R80;R80;R80;R80;R80;;R80;R80;R80;R80;R80;R80;R80;R80;R80;;R80;R80;;R80;R80;R80;;R80;R80;R80;R80
;R82;R82;;R82;;R82;R82;;R82;R82;R82;R82;R82;R82;R82;R82;R82;R82;R82;;R82;R82;R82;R82;R82;R82;R82;R82;R82;;R82;R82;;R82;R82;R82;;R82;R82;R82;R82
;R86;R86;R86;R86;;R86;R86;;R86;R86;R86;R86;R86;R86;R86;R86;R86;R86;R86;;R86;R86;R86;R86;R86;R86;R86;R86;R86;;R86;R86;;R86;R86;R86;;R86;R86;R86;R86
R88;R88;R88;R88;R88;;R88;R88;;R88;R88;R88;R88;R88;R88;R88;R88;R88;R88;R88;;R88;R88;R88;R88;R88;R88;R88;R88;R88;;R88;R88;R88;R88;R88;R88;;R88;R88;R88;R88
R90;R90;R90;R90;R90;;R90;R90;;R90;R90;R90;R90;R90;R90;R90;R90;R90;R90;R90;;R90;R90;R90;R90;R90;R90;R90;R90;R90;;R90;R90;R90;R90;R90;R90;;R90;R90;R90;R90
R94;R94;R94;R94;R94;;R94;R94;;R94;R94;R94;R94;R94;R94;R94;R94;R94;R94;R94;;R94;R94;R94;R94;R94;R94;R94;R94;R94;;R94;R94;R94;R94;R94;R94;R94;R94;R94;R94;R94
R108;R108;R108;R108;R108;;R108;R108;R108;R108;R108;R108;R108;R108;R108;R108;R108;R108;R108;R108;;R108;R108;R108;R108;R108;R108;R108;R108;R108;;R108;R108;R108;R108;R108;R108;R108;R108;R108;R108;R108
R116;R116;R116;R116;R116;R116;R116;R116;R116;R116;R116;R116;R116;R116;R116;R116;R116;R116;R116;R116;;R116;R116;R116;R116;R116;R116;R116;R116;R116;;R116;R116;R116;R116;R116;R116;R116;R116;R116;R116;R116
;;;;;;;;;;;;R123;;;;;;;;;;;R123;;;;;;;;;;;;;;;S138;;;
;;;;;;;;;;;;S139;;;;;;;;;;;;;;;;;;;;;;;;;;;;;
;;;;;;;;;;;;R117;;;;;;;;;;;S140;;;;;;;;;;;;;;;;;;
;;;;S27;;;;;;S31;S32;;;S33;;S35;S36;;;;;;;S38;;;S41;;;;;;;;;S47;;;;;
R112;R112;R112;R112;R112;R112;R112;R112;R112;R112;R112;R112;R112;R112;R112;R112;R112;R112;R112;R112;;R112;R112;R112;R112;R112;R112;R112;R112;R112;;R112;R112;R112;R112;R112;R112;R112;R112;R112;R112;R112
;;;;;;;;;;;;;S142;;;;;;;;;;S143;;;;;;;;;;;;;;;;;;
;;;;S27;;S28;;;;S31;S32;;;S33;S34;S35;S36;;;;S37;;;S38;;S40;S41;;S42;;S43;S136;;S45;S46;S47;;;;;
R25;R25;;;R25;;R25;R25;;R25;S31;S32;;;S33;R25;S35;S36;R25;R25;;R25;;;S38;R25;R25;S41;R25;R25;;R25;R25;;R25;R25;S47;;;R25;;R25
;;;;;;;;;;;;;;;;;;;;;;S147;;;;;;;;;;;;;;;;;;;
;;;;;;;;;;S150;;S151;;;;S152;;;;;;;;;;;;;;;;;;;;;;;;;
;;;;S27;;;;;;S31;S32;;;S33;;S35;S36;;;;;;;S38;;;S41;;;;;;;;;S47;;;;;
R98;R98;R98;R98;R98;R98;R98;R98;R98;R98;R98;R98;R98;R98;R98;R98;R98;R98;R98;R98;;R98;R98;R98;R98;R98;R98;R98;R98;R98;;R98;R98;R98;R98;R98;R98;R98;R98;R98;R98;R98
;;;;S27;;;;;;S31;S32;;;S33;;S35;S36;;;;;;;S38;;;S41;;;;;;;;;S47;;;;;
R99;R99;R99;R99;R99;R99;R99;R99;R99;R99;R99;R99;R99;R99;R99;R99;R99;R99;R99;R99;;R99;R99;R99;R99;R99;R99;R99;R99;R99;;R99;R99;R99;R99;R99;R99;R99;R99;R99;R99;R99
R101;R101;R101;R101;R101;R101;R101;R101;R101;R101;R101;R101;R101;R101;R101;R101;R101;R101;R101;R101;;R101;R101;R101;R101;R101;R101;R101;R101;R101;;R101;R101;R101;R101;R101;R101;R101;R101;R101;R101;R101
;;;;S27;;S28;;;;S31;S32;;;S33;S34;S35;S36;;;;S37;;;S38;;S40;S41;;S42;;S43;S136;;S45;S46;S47;;;;;
;R128;;;R128;;R128;R128;;R128;R128;R128;R128;;R128;R128;R128;R128;R128;R128;;R128;;;R128;R128;R128;R128;R128;R128;;R128;R128;;R128;R128;R128;;R128;R128;;R128
;;;;;;;;;;S90;;;;;;;;;;;;;;;;;;;;;;;;;;;;;;;
;R44;;;R44;;R44;R44;;R44;R44;R44;;;R44;R44;R44;R44;R44;R44;;R44;;;R44;R44;R44;R44;R44;R44;;R44;R44;;R44;R44;R44;;;R44;;R44
;R42;;;R42;;R42;R42;;R42;R42;R42;;;R42;R42;R42;R42;R42;R42;;R42;;;R42;R42;R42;R42;R42;R42;;R42;R42;;R42;R42;R42;;;R42;;R42
;R38;;;R38;;R38;R38;;R38;R38;R38;R38;;R38;R38;R38;R38;R38;R38;;R38;R38;;R38;R38;R38;R38;R38;R38;;R38;R38;;R38;R38;R38;;R38;R38;R38;R38
;;;;S27;;S28;;;;S31;S32;;;S33;S34;S35;S36;;;;S37;;;S38;;S40;S41;;S42;;S43;S136;;S45;S46;S47;;;;;
;R55;;;R55;;R55;R55;;R55;R55;R55;;;R55;R55;R55;R55;R55;R55;;R55;;;R55;R55;R55;R55;R55;R55;;R55;R55;;R55;R55;R55;;;;;R55
;R74;;;R74;;R74;R74;;R74;R74;R74;;;R74;R74;R74;R74;;;;R74;;;R74;R74;R74;R74;R74;R74;;R74;R74;;R74;R74;R74;;;;;R74
;;;;;;;;;;;;;;;;;;;;;;;;;;;;;;S158;;;;;;;;;;;
;;;;S27;;;;;;S31;S32;;;S33;;S35;S36;;;;;;;S38;;;S41;;;;;;;;;S47;;;;;
;;;;S27;;;;;;S31;S32;;;S33;;S35;S36;;;;;;;S38;;;S41;;;;;;;;;S47;;;;;
R113;R113;R113;R113;R113;R113;R113;R113;R113;R113;R113;R113;R113;R113;R113;R113;R113;R113;R113;R113;;R113;R113;R113;R113;R113;R113;R113;R113;R113;;R113;R113;R113;R113;R113;R113;R113;R113;R113;R113;R113
;;;;S27;;;;S115;;S31;S32;R118;;S33;;S35;S36;;;;;;;S38;;;S41;;;;;;;;;S47;;;;;
;;;;;;;;;;;;R125;;;;;;;;;;;R125;;;;;;;;;;;;;;;;;;
R114;R114;R114;R114;R114;R114;R114;R114;R114;R114;R114;R114;R114;R114;R114;R114;R114;R114;R114;R114;;R114;R114;R114;R114;R114;R114;R114;R114;R114;;R114;R114;R114;R114;R114;R114;R114;R114;R114;R114;R114
;;;;;;;;;;;;;S163;;;;;;;;;;;;;;;;;;;;;;;;;;;;
;R71;;;R71;;R71;R71;;R71;R71;R71;;;R71;R71;R71;R71;R71;R71;;R71;;;R71;R71;R71;R71;R71;R71;;R71;R71;;R71;R71;R71;;;;;R71
R121;R121;;;R121;;R121;R121;;R121;R121;R121;;;R121;R121;R121;R121;R121;R121;;R121;;S164;R121;R121;R121;R121;R121;R121;;R121;R121;;R121;R121;R121;;;R121;;R121
R26;R26;;;R26;;R26;R26;;R26;R26;R26;;;R26;R26;R26;R26;R26;R26;;R26;;S165;R26;R26;R26;R26;R26;R26;;R26;R26;;R26;R26;R26;;;R26;;R26
;;;;S27;;S28;;;;S31;S32;;;S33;S34;S35;S36;;;;S37;;;S38;;S40;S41;;S42;;S43;S136;;S45;S46;S47;;;;;
;;;;;;;;;;;;S167;;;;;;;;;;;;;;;;;;;;;;;;;;;;;
;;;;;;;;;;;;R57;;;;;;;;;;;S168;;;;;;;;;;;;;;;S169;;;
;;;;;;;;;;;;R63;;;;;;;;;;;R63;;;;;;;;;;;;;;;R63;;;
;;;;;;;;;;;;;;;;;;;;;;R53;;;;;;;;;;;;;;;;;;;
;;;;;;;;;;S150;;;;;;S152;;;;;;;;;;;;;;;;;;;;;;;;;
;;;;;;;;;;;;;;;;;;;;;;S172;;;;;;;;;;;;;;;;;;;
;R110;;;R110;;R110;R110;;R110;R110;R110;R110;R110;R110;R110;R110;R110;R110;R110;;R110;R110;S173;R110;R110;R110;R110;R110;R110;;R110;R110;;R110;R110;R110;;R110;R110;R110;R110
;R75;;;R75;;R75;R75;;R75;R75;R75;;;R75;R75;R75;R75;;S59;;R75;;;R75;R75;R75;R75;R75;R75;;R75;R75;;R75;R75;R75;;;;;R75
;R34;;;R34;;R34;R34;;R34;R34;R34;;;R34;R34;R34;R34;R34;R34;;R34;;;R34;R34;R34;R34;R34;R34;;R34;R34;;R34;R34;R34;;;R34;;R34
;R72;;;R72;;R72;R72;;R72;R72;R72;;;R72;R72;R72;R72;S58;R72;;R72;;;R72;R72;R72;R72;R72;R72;;R72;R72;;R72;R72;R72;;;;;R72
;S26;;;S27;;S28;S29;;S30;S31;S32;;;S33;S34;S35;S36;;;;S37;;;S38;S39;S40;S41;;S42;;S43;;;S45;S46;S47;;;;;
;R66;;;R66;;R66;R66;;R66;R66;R66;R66;R66;R66;R66;R66;R66;R66;R66;;R66;R66;R66;R66;R66;R66;R66;R66;R66;;R66;R66;;R66;R66;R66;;R66;R66;R66;R66
;;;;;;;;;;;;R124;;;;;;;;;;;R124;;;;;;;;;;;;;;;;;;
;;;;;;;;;;;;R126;;;;;;;;;;;S178;;;;;;;;;;;;;;;;;;
;;;;;;;;;;;;R119;;;;;;;;;;;S179;;;;;;;;;;;;;;;;;;
R115;R115;R115;R115;R115;R115;R115;R115;R115;R115;R115;R115;R115;R115;R115;R115;R115;R115;R115;R115;;R115;R115;R115;R115;R115;R115;R115;R115;R115;;R115;R115;R115;R115;R115;R115;R115;R115;R115;R115;R115
;;;;;;;;;;S31;S32;;;S33;;S35;S36;;;;;;;S38;;;S41;;;;;;;;;S47;;;;;
R27;R27;;;R27;;R27;R27;;R27;R27;R27;;;R27;R27;R27;R27;R27;R27;;R27;;;R27;R27;R27;R27;R27;R27;;R27;R27;;R27;R27;R27;;;R27;;R27
;R52;;;R52;;R52;R52;;R52;R52;R52;;;R52;R52;R52;R52;;;;R52;;;R52;R52;R52;R52;R52;R52;;R52;R52;;R52;R52;R52;;;;;R52
;;;;;;;;;;;;;;;;;;;;;;R54;;;;;;;;;;;;;;;;;;;
;;;;;;;;;;S150;;R58;;;;S152;;;;;;;;;;;;;;;;;;;;;;;;;
;;;;S27;;;;;;S31;S32;;;S33;;S35;S36;;;;;;;S38;;;S41;;;;;;;;;S47;;;;;
;;;;;;;;;;;;R67;;;;;;;;;;;S183;;;;;;;;;;;;;;;;;;
;;;;;;;;;;;;S184;;;;;;;;;;;;;;;;;;;;;;;;;;;;;
;;;;S27;;S28;;;;S31;S32;;;S33;S34;S35;S36;;;;S37;;;S38;;S40;S41;;S42;;S43;S136;;S45;S46;S47;;;;;
;R111;;;R111;;R111;R111;;R111;R111;R111;R111;R111;R111;R111;R111;R111;R111;R111;;R111;R111;R111;R111;R111;R111;R111;R111;R111;;R111;R111;;R111;R111;R111;;R111;R111;R111;R111
;R76;;;R76;;R76;R76;;R76;R76;R76;;;R76;R76;R76;R76;;;;R76;;;R76;R76;R76;R76;R76;R76;;R76;R76;;R76;R76;R76;;;;;R76
;R73;;;R73;;R73;R73;;R73;R73;R73;;;R73;R73;R73;R73;;R73;;R73;;;R73;R73;R73;R73;R73;R73;;R73;R73;;R73;R73;R73;;;;;R73
;S26;;;S27;;S28;S29;;S30;S31;S32;;;S33;S34;S35;S36;;;;S37;;;S38;S39;S40;S41;R77;S42;;S43;;;S45;S46;S47;;;;;
;;;;;;;;;;;;;;;;;;;;;;;;;;;;S187;;;;;;;;;;;;;
;;;;S27;;;;S115;;S31;S32;;;S33;;S35;S36;;;;;;;S38;;;S41;;;;;;;;;S47;;;;;
;;;;;;;;;;;;R120;;;;;;;;;;;;;;;;;;;;;;;;;;;;;
R122;R122;;;R122;;R122;R122;;R122;R122;R122;;;R122;R122;R122;R122;R122;R122;;R122;;R122;R122;R122;R122;R122;R122;R122;;R122;R122;;R122;R122;R122;;;R122;;R122
;;;;;;;;;;;;R61;;;;;;;;;;;;;;;;;;;;;;;;;;;;;
;;;;;;;;;;;;R60;;;;;;;;;;;S189;;;;;;;;;;;;;;;;;;
;;;;;;;;;;S150;;R69;;;;S152;;;;;;;R69;;;;;;;;;;;;;;;;;;
;;;;;;;;;;;;R64;;;;;;;;;;;R64;;;;;;;;;;;;;;;R64;;;
;R50;;;R50;;R50;R50;;R50;R50;R50;;;R50;R50;R50;R50;;S59;;R50;;;R50;R50;R50;R50;R50;R50;;R50;R50;;R50;R50;R50;;;;;R50
;;;;;;;;;;;;;;;;;;;;;;;;;;;;R78;;;;;;;;;;;;;
;R56;;;R56;;R56;R56;;R56;R56;R56;;;R56;R56;R56;R56;R56;R56;;R56;;;R56;R56;R56;R56;R56;R56;;R56;R56;;R56;R56;R56;;;;;R56
;;;;;;;;;;;;R127;;;;;;;;;;;R127;;;;;;;;;;;;;;;;;;
;;;;;;;;;;S150;;R59;;;;S152;;;;;;;;;;;;;;;;;;;;;;;;;
;;;;;;;;;;;;R68;;;;;;;;;;;S193;;;;;;;;;;;;;;;;;;
;R51;;;R51;;R51;R51;;R51;R51;R51;;;R51;R51;R51;R51;;;;R51;;;R51;R51;R51;R51;R51;R51;;R51;R51;;R51;R51;R51;;;;;R51
;;;;;;;;;;;;R62;;;;;;;;;;;;;;;;;;;;;;;;;;;;;
;;;;;;;;;;;;R70;;;;;;;;;;;R70;;;;;;;;;;;;;;;;;;
